{
  "takesapillage:root": {
    "criteria": {
      "always": "2024-10-15 00:37:31 +0000"
    },
    "done": true
  },
  "minecraft:recipes/decorations/crafting_table": {
    "criteria": {
      "unlock_right_away": "2024-10-15 00:37:31 +0000"
    },
    "done": true
  },
  "iceandfire:iceandfire/root": {
    "criteria": {
      "tick": "2024-10-15 00:37:31 +0000"
    },
    "done": true
  },
  "minecraft:recipes/misc/pink_dye_from_peony": {
    "criteria": {
      "has_peony": "2024-10-15 00:38:34 +0000"
    },
    "done": true
  },
  "iceandfire:recipes/misc/dragon_meal": {
    "criteria": {
      "has_item": "2024-10-15 00:39:53 +0000"
    },
    "done": true
  },
  "totw_modded:root": {
    "criteria": {
      "sample_trigger": "2024-10-15 00:38:34 +0000"
    },
    "done": true
  },
  "refurbished_furniture:recipes/misc/slicing/pink_dye_from_peony": {
    "criteria": {
      "has_peony": "2024-10-15 00:38:34 +0000"
    },
    "done": true
  },
  "farmersdelight:main/root": {
    "criteria": {
      "seeds": "2024-10-15 00:38:34 +0000"
    },
    "done": true
  },
  "minecraft:adventure/adventuring_time": {
    "criteria": {
      "minecraft:birch_forest": "2024-10-15 00:37:32 +0000",
      "minecraft:river": "2024-10-15 00:40:30 +0000",
      "minecraft:forest": "2024-10-15 00:40:32 +0000",
      "minecraft:plains": "2024-10-15 00:40:43 +0000"
    },
    "done": false
  },
  "DataVersion": 3465
}