{
  "takesapillage:root": {
    "criteria": {
      "always": "2024-10-13 23:32:52 +0000"
    },
    "done": true
  },
  "minecraft:recipes/decorations/crafting_table": {
    "criteria": {
      "unlock_right_away": "2024-10-13 23:32:52 +0000"
    },
    "done": true
  },
  "iceandfire:iceandfire/root": {
    "criteria": {
      "tick": "2024-10-13 23:32:52 +0000"
    },
    "done": true
  },
  "minecraft:adventure/adventuring_time": {
    "criteria": {
      "minecraft:taiga": "2024-10-13 23:36:43 +0000",
      "minecraft:frozen_river": "2024-10-13 23:35:04 +0000",
      "minecraft:beach": "2024-10-13 23:35:32 +0000",
      "minecraft:snowy_plains": "2024-10-13 23:34:51 +0000",
      "minecraft:forest": "2024-10-13 23:36:15 +0000",
      "minecraft:snowy_beach": "2024-10-13 23:32:53 +0000",
      "minecraft:plains": "2024-10-13 23:35:28 +0000"
    },
    "done": false
  },
  "DataVersion": 3465
}